dataset,model,Recall@10,Recall@20,Precision@10,Precision@20,NDCG@10,NDCG@20,HitRatio@10,is_real_data
amazon_beauty,PureMF,0.0011237411937589142,0.002463586463240697,0.00011237411937589143,0.00012317932316203485,0.0005044137513115693,0.0008401346058654931,0.0011237411937589142,True
amazon_beauty,LightGCN,0.0015559493452046505,0.0033280027661321695,0.00015559493452046506,0.00016640013830660847,0.0007118621503244834,0.0011563444622189278,0.0015559493452046505,True
amazon_beauty,NGCF,0.017936638284998054,0.02822319228940658,0.0017936638284998055,0.001411159614470329,0.008725568659050642,0.011295603931093958,0.017936638284998054,True
amazon_beauty,UltraGCN,0.0007779746726023253,0.0016856117906383714,7.779746726023253e-05,8.428058953191858e-05,0.00028968054350544996,0.000517833804763755,0.0007779746726023253,True
amazon_beauty,Sheaf4Rec (simplified),0.0025932489086744176,0.0038898733630116263,0.0002593248908674418,0.0001944936681505813,0.0013536855767562821,0.0016781901966142296,0.0025932489086744176,True
