dataset,model,Recall@10,Recall@20,Precision@10,Precision@20,NDCG@10,NDCG@20,HitRatio@10,is_real_data
amazon_beauty,PureMF,0.0017450622669945269,0.003807408582533513,0.0001745062266994527,0.00019037042912667564,0.0009185276086097453,0.0014268475528789724,0.0017450622669945269,True
amazon_beauty,LightGCN,0.002300309351947331,0.004204013643214087,0.0002300309351947331,0.00021020068216070438,0.0011610976185210404,0.0016299486165331871,0.002300309351947331,True
amazon_beauty,NGCF,0.012294756881097803,0.01745062266994527,0.0012294756881097804,0.0008725311334972634,0.006799602595863103,0.008097991474103085,0.012294756881097803,True
amazon_beauty,UltraGCN,0.0015070992305861823,0.002379630364083446,0.0001507099230586182,0.00011898151820417229,0.0007458718827752768,0.0009654833590764476,0.0015070992305861823,True
amazon_beauty,Sheaf4Rec (simplified),0.002300309351947331,0.003807408582533513,0.0002300309351947331,0.00019037042912667564,0.0011341542813920052,0.0015174305148811407,0.002300309351947331,True
