dataset,model,Recall@10,Recall@20,Precision@10,Precision@20,NDCG@10,NDCG@20,HitRatio@10,is_real_data
movielens_1m,PureMF,0.00612887195626967,0.012920324664568494,0.0006128871956269671,0.0006460162332284247,0.0028195887805169723,0.0045103741132401015,0.00612887195626967,True
movielens_1m,LightGCN,0.03876097399370548,0.07454033460327977,0.003876097399370548,0.003727016730163989,0.018631622487806376,0.027565291540410805,0.03876097399370548,True
movielens_1m,NGCF,0.041908232565843966,0.07553420573132351,0.004190823256584397,0.0037767102865661753,0.02108952745884312,0.029485454910214575,0.041908232565843966,True
movielens_1m,UltraGCN,0.0049693556402186515,0.010104356468444592,0.0004969355640218651,0.0005052178234222296,0.002085840358190657,0.0033637898131162803,0.0049693556402186515,True
movielens_1m,Sheaf4Rec (simplified),0.038595328805698194,0.07470597979128707,0.0038595328805698195,0.0037352989895643534,0.018491487228710794,0.027528337883236786,0.038595328805698194,True
