dataset,model,Recall@10,Recall@20,Precision@10,Precision@20,NDCG@10,NDCG@20,HitRatio@10,is_real_data
amazon_beauty,PureMF,0.0011669620089034879,0.002463586463240697,0.0001166962008903488,0.00012317932316203485,0.0005162615351784592,0.0008450314277500126,0.0011669620089034879,True
amazon_beauty,LightGCN,0.0013830660846263561,0.002679690538963565,0.00013830660846263562,0.00013398452694817826,0.0006145561409828106,0.0009415665969185262,0.0013830660846263561,True
amazon_beauty,NGCF,0.01893071703332325,0.027834204953105415,0.0018930717033323247,0.0013917102476552709,0.009040312562527797,0.011272324368517482,0.01893071703332325,True
amazon_beauty,UltraGCN,0.0006915330423131781,0.0016856117906383714,6.915330423131781e-05,8.428058953191858e-05,0.00026267792188493526,0.0005137730589857437,0.0006915330423131781,True
amazon_beauty,Sheaf4Rec (simplified),0.001988157496650387,0.0035008860267104636,0.00019881574966503868,0.00017504430133552317,0.0010631199219927267,0.0014354897810911166,0.001988157496650387,True
