dataset,model,Recall@10,Recall@20,Precision@10,Precision@20,NDCG@10,NDCG@20,HitRatio@10,is_real_data
amazon_beauty,PureMF,0.0015070992305861823,0.003807408582533513,0.0001507099230586182,0.00019037042912667564,0.0007407831589281386,0.001303297192215886,0.0015070992305861823,True
amazon_beauty,LightGCN,0.002220988339811216,0.004204013643214087,0.00022209883398112158,0.00021020068216070438,0.0011369863387265724,0.001631388023907899,0.002220988339811216,True
amazon_beauty,NGCF,0.011739509796145,0.017291980645673038,0.0011739509796145,0.000864599032283652,0.006599947839463871,0.008014005533627763,0.011739509796145,True
amazon_beauty,UltraGCN,0.0015070992305861823,0.002379630364083446,0.0001507099230586182,0.00011898151820417229,0.0007458718827752768,0.0009639894487013735,0.0015070992305861823,True
amazon_beauty,Sheaf4Rec (simplified),0.002379630364083446,0.003807408582533513,0.00023796303640834457,0.00019037042912667564,0.001131921364022451,0.001493240207757242,0.002379630364083446,True
