dataset,model,Recall@10,Recall@20,Precision@10,Precision@20,NDCG@10,NDCG@20,HitRatio@10,is_real_data
amazon_beauty,LightGCN,0.0013484572063139526,0.00277623542476402,0.00013484572063139524,0.000138811771238201,0.0006581144813289287,0.0010139450392629432,0.0013484572063139526,True
amazon_beauty,Popularity,0.02006821607043706,0.03371143015784881,0.002006821607043706,0.0016855715078924406,0.010539089480416127,0.013951160885602379,0.02006821607043706,True
amazon_beauty,NGCF,0.0014277782184500675,0.003410803521852939,0.00014277782184500675,0.00017054017609264692,0.0006261424083646586,0.0011260447605854441,0.0014277782184500675,True
amazon_beauty,Sheaf4Rec-gcn_like,0.0018243832791306417,0.0026175934004917904,0.00018243832791306415,0.0001308796700245895,0.00088204991864881,0.0010735143568187902,0.0018243832791306417,True
amazon_beauty,Sheaf4Rec-gat_like,0.0018243832791306417,0.00277623542476402,0.00018243832791306415,0.000138811771238201,0.0007868487582749187,0.0010293487683173718,0.0018243832791306417,True
amazon_beauty,Sheaf4Rec-full_sheaf,0.0017450622669945269,0.0031728404854445944,0.0001745062266994527,0.00015864202427222972,0.0007075838143202438,0.0010738414539627117,0.0017450622669945269,True
