dataset,model,Recall@10,Recall@20,Precision@10,Precision@20,NDCG@10,NDCG@20,HitRatio@10,is_real_data
amazon_beauty,LightGCN,0.0020623463155389865,0.004362655667486317,0.00020623463155389863,0.00021813278337431586,0.0009946231542301513,0.0015636670849629066,0.0020623463155389865,True
amazon_beauty,Popularity,0.001983025303402871,0.003966050606805742,0.00019830253034028715,0.00019830253034028715,0.0008657010106865681,0.0013761800736538136,0.001983025303402871,True
amazon_beauty,NGCF,0.010708336638375506,0.020940747203934323,0.0010708336638375507,0.001047037360196716,0.006108573101293827,0.008679300549630809,0.010708336638375506,True
amazon_beauty,Sheaf4Rec-gcn_like,0.001665741254858412,0.002855556436900135,0.0001665741254858412,0.00014277782184500675,0.0008215446054731092,0.0011154061953246566,0.001665741254858412,True
amazon_beauty,Sheaf4Rec-gat_like,0.001665741254858412,0.00277623542476402,0.0001665741254858412,0.000138811771238201,0.0007772173827251108,0.0010562223066029623,0.001665741254858412,True
amazon_beauty,Sheaf4Rec-full_sheaf,0.0015864202427222972,0.003410803521852939,0.00015864202427222972,0.00017054017609264692,0.0007248480687119665,0.0011778645751444766,0.0015864202427222972,True
