dataset,model,Recall@10,Recall@20,Precision@10,Precision@20,NDCG@10,NDCG@20,HitRatio@10,is_real_data
amazon_beauty,PureMF,0.023715415019762844,0.06324110671936758,0.0023715415019762843,0.0031620553359683794,0.011560925222825393,0.021709436810215695,0.023715415019762844,True
amazon_beauty,LightGCN,0.03162055335968379,0.07114624505928854,0.0031620553359683794,0.003557312252964427,0.011120905570398616,0.020940215409568155,0.03162055335968379,True
amazon_beauty,NGCF,0.0,0.02766798418972332,0.0,0.0013833992094861658,0.0,0.006840713035691304,0.0,True
amazon_beauty,UltraGCN,0.015810276679841896,0.043478260869565216,0.0015810276679841897,0.002173913043478261,0.006073080839284805,0.013055885536321572,0.015810276679841896,True
amazon_beauty,Sheaf4Rec (simplified),0.039525691699604744,0.06324110671936758,0.003952569169960474,0.0031620553359683794,0.015063252193363356,0.02092410504842922,0.039525691699604744,True
